"","0","1","2","3","4","5","6","7","8","9","10","11","12","13","14","15"
"0",0.187088274044796,0.0996484083467577,0.0696785951556153,0.103039606962536,0.0888533293767543,0.0940748306532504,0.0912264990831972,0.0709852653908089,0.115269051658876,0.128783866710651,0.10970893635497,0.10684436379197,0.10819978654568,0.0653354897530449,0.0269889075460769,0.0453968214177844
"1",0.0461865913041544,0.0572216446990315,0,0,0,0,0,0,0,0,0,0,0.0528831697393931,0,0,0
"2",0.121877940795898,0,0.0957699432881817,0,0.0524780131438766,0.024313438920079,0,0.0355760692859587,0.06687976876516,0.0236206540804738,0,0.0540533457124566,0.0442733053973151,0,0.0478481964178703,0
"3",0.12583589975151,0,0,0.0623832111849275,0.0480405537413004,0.063945158557742,0,0.128135347810681,0.0391937909437614,0.146547048529909,0,0.0587119492973255,0.101324058392486,0,0,0.0471251216006729
"4",0.138223294873074,0,0,0.0293835441971381,0.0975054143262488,0.0198940493290753,0.0537974594681344,0.0806927865147809,0.0221397692422611,0.0639724274954987,0.0559806622378098,0.0350248531987456,0.0500181657087055,0,0.0284390988935493,0.0749467706681184
"5",0.153493326996657,0,0.0740314912150575,0,0.0480405537413004,0.109841669290142,0.0423031617874223,0.0901957992749252,0.0726103116122331,0.0453594106206375,0.0441311652344096,0.0909952665160601,0,0,0,0.0235625608003364
"6",0.130290508086402,0,0,0.0601064373948124,0.0496754615441259,0,0.0822117290428265,0,0.0587906864156421,0,0,0.077602680046594,0.11134637014642,0,0,0.144597422568053
"7",0.0465353753188579,0,0.0603019058380863,0.0466118660152602,0.0524780131438766,0.0886818436146035,0,0.123388641391124,0.030095895944322,0.0536718864089205,0,0.0552852647428822,0.0389150914679669,0,0.0568781977870986,0.0309851619788685
"8",0.146054763538041,0.0858324670485472,0.0611693158104286,0,0.0661955356334291,0.0682168027804642,0.0224727458795718,0,0.110476306345346,0.12183527765897,0.0632560649613485,0.0500424299175833,0.0639567867575531,0,0.0416625268321282,0.0886706481633299
"9",0.122249350049734,0,0.142022851638213,0.0601064373948124,0.0694099750014466,0.0528177996867393,0,0,0.0479213730293686,0.165974310212244,0,0.117652780275259,0.0625227071358819,0,0,0.0963982817120354
"10",0.0858642708912322,0,0,0,0.0367166392176386,0.024313438920079,0.0728759204569156,0,0.0391937909437614,0.0536718864089205,0.0812905479968827,0.0612178913942221,0,0,0.0371057380402005,0.0657831224258072
"11",0.137742581604554,0,0,0.0198004914142796,0.046942952421774,0.0571754442618257,0,0,0.0726103116122331,0.0883202968455737,0.101661532973596,0.159101133355219,0.0991484076504487,0,0,0.0951540055451591
"12",0.101565562071408,0,0.0370157456075287,0.0741532345945353,0.0769838842723096,0.0339397305459496,0,0,0.0564341146765478,0.0737269092481234,0.0487656781658931,0.103506324668047,0.128609246479767,0,0.124987580496385,0.0423487468101015
"13",0.0923731826083088,0,0.0871557996886202,0,0,0,0,0,0,0,0,0,0,0,0,0
"14",0.0769776521735907,0,0,0,0.0433698241461131,0.0497351233226883,0,0,0.0205666744333701,0,0,0,0.0942950710757361,0,0.078309757328275,0
"15",0.125485404819027,0,0,0.0587670883942762,0.0738677584805993,0.0591212290764023,0,0.0763834446706961,0.0577566393630484,0.0865235145555524,0.0421707099742323,0.0295306543976614,0.0460465940867227,0,0.0496582690748245,0.0929243353592421
"16",0,0.0443747417329758,0.151777124947037,0,0,0,0,0,0,0.0616405954770667,0,0,0,0.126376088115045,0,0
"17",0.0530439524587086,0.166459240821406,0.0702706856496265,0.104672119252952,0.0707716409593827,0,0.0932929855278743,0.0413079325054469,0.0678372345886996,0.118969832513885,0.0338871776578652,0.0918268370913331,0.0351516884645836,0,0.133585061131885,0.0222947519004856
"18",0,0.115891343231613,0.0962820918819577,0,0,0,0,0,0,0,0,0,0,0,0.0335817174313218,0
"19",0.0630545066528167,0,0,0.124760466004354,0,0,0,0,0.0363051558061165,0.0924608932156,0,0,0,0,0,0.0722987112840265
"20",0,0.059567499098108,0,0,0.0490249275769022,0,0,0.049830413037487,0,0,0.0458987607518047,0,0.0339963234038955,0,0.0335817174313218,0.035468259265332
"21",0.0795659286880629,0.0735706860416119,0,0,0,0.0486268778401581,0.0728759204569156,0,0.0556510109135823,0,0,0,0.0793247546090896,0,0.0568781977870986,0
"22",0.0795659286880629,0.0726156078204128,0.11620773291816,0,0.0993509230882519,0,0.0960282525371849,0,0,0,0,0,0.158649509218179,0,0,0
"23",0.0795659286880629,0,0,0,0,0.0746026849840324,0,0.0642567838973618,0,0,0,0,0.058558029101329,0,0,0
"24",0.0795659286880629,0.0642789954444789,0.112057456742512,0,0.0293291169155805,0,0.0577528005648745,0,0.0519036358960824,0,0,0,0.0628633807171574,0,0,0
"25",0,0.1405612826573,0.0345346685567069,0,0,0,0,0.0642567838973618,0,0.0855257015460329,0,0.0428731008608376,0,0,0.0307595548400595,0
"26",0,0,0,0,0,0,0,0,0.0407636286947912,0,0,0,0.0628633807171574,0,0,0
"27",0,0.0559465774024411,0,0,0.0293291169155805,0.0746026849840324,0.0728759204569156,0,0,0,0,0,0,0,0,0
"28",0.0461865913041544,0,0.0505923749823456,0.0421850257169184,0.0216849120730565,0,0,0,0.0328571684050656,0.0616405954770667,0,0.0657188035949323,0.0825767465001676,0,0.0671634348626436,0.0445895038009712
"29",0,0.0572216446990315,0,0,0,0,0,0.111899723863793,0,0,0,0,0,0.10015068032509,0,0
"30",0,0.129104107910729,0,0,0,0.0591212290764023,0.0485839469712771,0.0763834446706961,0.0328571684050656,0.0732735242649546,0,0.0829278971143233,0.0339963234038955,0,0.107498972311884,0.0286476865589119
"31",0,0.0228886578796126,0.0373524855808372,0,0.0257774986518423,0,0,0.049830413037487,0.0363051558061165,0,0.0458987607518047,0,0.0878370436519935,0,0,0.0835758020274451
"32",0.103714608311716,0.0498242041733789,0.0782584652499382,0,0.0193296950591613,0.0880296661445655,0,0.0826158650108937,0.0850884047711368,0.135396706493176,0,0.072862139366332,0.0489314239258958,0,0,0
"33",0,0.114008798051703,0.105242311589013,0,0,0.0497351233226883,0,0,0.030095895944322,0.0319862137477494,0,0,0.109767425694132,0,0.0416625268321282,0
"34",0.0565428516446607,0.0887142268104116,0.165318325712276,0.132691413197782,0.104249044118651,0.063945158557742,0.0259511418450394,0.143623129177155,0.0876148785546008,0.115784879149102,0.116614974424048,0.0452652621028355,0.134782747947456,0,0.100598564240483,0.115813038036131
"35",0,0,0.0396506420322761,0.0556149259459014,0.0320270358275336,0.0295606145382012,0,0.0826158650108937,0.0485868572098026,0,0,0.038801340023297,0.0298288981757088,0,0,0.0572953731178238
"36",0.0315272533264084,0,0.0999676939074125,0.0293835441971381,0.0853043812889938,0,0.0753526086346659,0.102968388781525,0.0679393811579854,0.0270793412986352,0.0764979345863412,0.0754544017659626,0.102292982126349,0,0.0352100100912,0.0357695203250782
"37",0.0424351619669669,0,0.108908623766142,0,0,0.0916121916473769,0,0.0771081406768341,0.0453056498086568,0.0774074130354838,0.0723017963271049,0.030608945697111,0.074881290578025,0,0.0183354117073962,0.0369397869804681
"38",0.0461865913041544,0.0498242041733789,0.0920390394764024,0,0,0,0.0928529096922475,0.0413079325054469,0.0179398123838723,0,0,0.0428731008608376,0.0696963449773682,0,0.0371057380402005,0.0286476865589119
"39",0.0259309882437963,0,0.138907407095324,0.0466118660152602,0.0412988436872603,0.0339397305459496,0,0.130694534430197,0.101937712069478,0.0536718864089205,0.0325162191987531,0,0.0911356561880162,0,0,0.0576498921891699
"40",0.0327084700431122,0,0.147053138152491,0.0221152355329637,0.0848498891289908,0.0518822627299587,0,0.0858069906512706,0.10680388469264,0.0203058796098283,0.116796111334477,0.0328594017974662,0.065982562959462,0,0.0833250536642564,0
"41",0.0424351619669669,0.0367853430208059,0.0985748531679786,0,0.0579890851774839,0.0460186183109284,0,0,0.0264066030012834,0.11856945429878,0.0338871776578652,0.0884564235886115,0.0536879851572821,0,0.074211476080401,0.0373778915039348
"42",0,0,0.144992898334858,0,0.0137662812290868,0.0545734422243714,0.0681961913314002,0.118910267614097,0.0390695581199778,0,0.0949130445216382,0.096276307079838,0.0442733053973151,0,0.110662104041315,0.0635117778434562
"43",0.0259309882437963,0,0.0702869352327583,0,0.0285171977290008,0.0198940493290753,0,0,0.0587906864156421,0,0.0626615568168242,0.0913469996413548,0.0153488646955742,0.126376088115045,0,0.0471251216006729
"44",0.0904942691033536,0.0443747417329758,0.108366394336631,0.0278025310314656,0.0460901114204494,0.0352118664578262,0.0504218526931901,0.0922061496725604,0.0488369476499723,0.0152689805341267,0.0387901539375273,0.0666435782135408,0.137197137000435,0.146718094758142,0.0152411257143299,0.0111459699129628
"45",0,0,0.0690693371134139,0,0.041788968947445,0,0,0,0,0,0,0,0.0793247546090896,0.0389705913236843,0,0
"46",0.0461865913041544,0,0.0960041322635117,0,0.0147930425791909,0.0352118664578262,0.0485839469712771,0.0396367558713658,0.0771112580643896,0.0536718864089205,0.0291850138009894,0.077602680046594,0.0174209750863577,0,0.0830401605719827,0.0921174740247763
"47",0.0233027484783524,0,0.112143745652453,0.0834075930943968,0.0501136469344987,0,0.0340980956657001,0.0514054271178894,0.083993033070631,0.0904005913530298,0.0487743287981296,0.0528301837798163,0.0671099814466026,0,0.0366708234147923,0.0620920870665787
"48",0.0524865990526572,0,0,0.148810841942772,0.0293291169155805,0.0591212290764023,0.0376763043173329,0.0666875849779432,0.0642127049002873,0,0,0.0606635110107068,0.0474392641645544,0,0,0.0222947519004856
"49",0,0.0443747417329758,0,0.0386398526109508,0.0648137506037678,0,0,0,0,0,0,0,0,0,0.0717722946268054,0
"50",0,0,0.143365330807698,0.107837906676714,0.0462733166676311,0,0,0.0314124764575889,0.0777594239941943,0.0616405954770667,0.105426774935581,0.03554052733471,0.0374406452890125,0,0.0416625268321282,0.0750337343408072
"51",0.106569650185508,0,0.0505923749823456,0.182485098578634,0.0944477546685609,0.0381169628412171,0.0435826125000647,0.0777299805210022,0.0793870839674532,0.0959586412432481,0.0611983476690729,0.122789848836959,0.137176705734612,0,0.0550062351221885,0.0606821161045362
"52",0.0259309882437963,0,0.0486440248794586,0.10729359055316,0.0631521468545971,0,0,0,0.0538194371516169,0.0432617572777762,0,0.0151658777526767,0.0850321968271868,0,0,0.0429433178533122
"53",0,0,0.101184749964691,0.0762764773417596,0.0867396482922261,0.0208188948836615,0,0,0.0205666744333701,0,0,0.03554052733471,0.123030909626043,0,0,0
"54",0,0,0.0871557996886202,0.0212773157620415,0.0524780131438766,0,0.0343968475084954,0,0.0259198079980648,0,0,0,0.0775571647234074,0,0,0
"55",0.0315272533264084,0,0,0.142125262185927,0.0367166392176386,0,0,0.0581934807849367,0.0363051558061165,0,0.0458987607518047,0.0552852647428822,0.0412883732500838,0,0.0335817174313218,0
"56",0.0245357435606742,0,0,0.107725980273836,0.0567390305429392,0,0,0,0.0681038721113184,0,0.0338871776578652,0.0270266728562283,0.0767443234778712,0,0,0.0594632181520677
"57",0,0,0.0690693371134139,0.100641117854282,0.0268643371805004,0,0.0577528005648745,0,0.0242934286049013,0.0453594106206375,0,0.0860650168033172,0.12230686357803,0,0,0.0373778915039348
"58",0.0923731826083088,0.0680206208081658,0,0.0191457533858621,0.106488599676851,0,0.0728759204569156,0.0413079325054469,0.0391937909437614,0,0.0915359779192612,0.0328594017974662,0.0820206064173618,0,0,0.0201759396564413
"59",0.037554477511857,0.0858324670485472,0.0373524855808372,0.133447574689313,0.0558040015436701,0.0433055175546141,0.0485839469712771,0.049830413037487,0.0657143368101312,0,0,0.113288552300013,0.0772327010039763,0,0,0.0635231202151523
"60",0.019532770519988,0.120481099420543,0.0268762319028433,0.141715536539103,0.0813091296364107,0,0.0312325373386781,0.0614033001051084,0.0172251647563381,0,0.069460179056539,0.0710275560746765,0.115533434075223,0,0.0366708234147923,0.0327212251708381
"61",0.0795659286880629,0,0,0,0,0.0746026849840324,0,0,0,0,0,0,0,0,0,0
"62",0,0,0,0.110576177664819,0.0524780131438766,0,0,0.0413079325054469,0.0407636286947912,0,0,0,0,0,0.0498097776105311,0
"63",0.0233027484783524,0,0.0690693371134139,0.126058500937903,0.076341494699032,0.0208188948836615,0.0423031617874223,0.0314124764575889,0.0462667548386337,0.0732735242649546,0.0487656781658931,0.119359380153416,0.061395458782297,0,0.0801161436864886,0.0975458174647772
"64",0.0984615364779172,0,0,0.0460655305071067,0.0936553902395831,0,0.0681961913314002,0,0.0974701936859022,0.109910286397432,0.0193950769687637,0.077602680046594,0.02393406568469,0,0.0335817174313218,0.0806772748287442
"65",0,0.0405122331469182,0,0.0601064373948124,0.0494298166169078,0,0,0,0,0.0924608932156,0.0408786389670668,0,0.0634598036872717,0,0,0.0184698934902341
"66",0.0888158224349289,0,0.0947646618230495,0.0623802330021772,0.0907712178047691,0.0258082887269,0.0846063235748445,0.0204677667017028,0,0.0432617572777762,0.0193950769687637,0.04677570976057,0.0620401419755364,0,0.0352100100912,0.0621550470390616
"67",0.111019778043661,0,0.0445307615783366,0.0948255861902589,0.100589652095138,0.0655474384321543,0,0.0806927865147809,0.0596491510957011,0.0732735242649546,0.0274372108400702,0.0295306543976614,0.0997617772030251,0,0.0496582690748245,0.0699417416451942
"68",0.106991886466158,0.0671298444986583,0.0570785716479433,0.104300778867963,0.165316351943507,0.0708022100757638,0.0674473944545878,0.115744075380948,0.100117086394279,0.0958474257220955,0.105001935356964,0.118321922433624,0.126366204569962,0.0596484957494747,0.106449513654866,0.118960273745184
"69",0.0222039556087322,0,0,0.100641117854282,0.123196590930634,0.0551401797979115,0,0,0.0745614388696264,0,0.0193950769687637,0.0442282117943058,0.061395458782297,0,0.0400580718432443,0.0559395423351554
"70",0,0,0,0.0528107400605737,0.104437398396419,0,0.102532870206008,0.134487977524635,0.054130417476572,0,0,0.072862139366332,0.0670503213759999,0,0,0.0467441255702832
"71",0.0681993674469111,0,0.0411368354948297,0.024042574957925,0.108468153226276,0.0349060358147727,0.0194335787885108,0.141467770743977,0.0866349590445726,0,0.0879825647640015,0.034102680043833,0.0764752037357208,0,0.0152411257143299,0.0468630296283272
"72",0.0769992858271577,0.133124225198927,0.11797626864685,0.0765830135434485,0.12980609072164,0.0235203340888628,0.0689277871116937,0.0181221083514701,0.118777491201957,0.0366367621324773,0.0179407652960074,0.0719396693120138,0.0373220975729814,0,0.0442592584175932,0.0759930106998976
"73",0.0550505778939451,0,0.0581038664590802,0,0.0805640934846919,0,0.0423031617874223,0.0642567838973618,0.0407636286947912,0.142141157268798,0.135548710631461,0,0.0389150914679669,0,0.0717722946268054,0.0376313320060732
"74",0.075108955023714,0,0.0302429441787473,0.0212773157620415,0.104997427391802,0.0481307645058273,0.0149844882405246,0.0747159260813065,0.0369432965327782,0.0616405954770667,0.105496586509139,0.128583676754941,0.0634791638966138,0,0.0489781099866511,0.0715800765094957
"75",0.0426278600742031,0,0.0382815937468542,0.0348907064176508,0.115536941777201,0.0491518009562161,0,0.118889177646903,0.0594103954844393,0.0380229617248308,0.0486261004109067,0.133000735110618,0.071591228975453,0,0,0.0866754843415111
"76",0.0794480712414335,0.0718581553521101,0.0907803917286242,0.0763558046554911,0.123181355110486,0,0.0689277871116937,0.0677422237168175,0.0925410746962534,0.0785377201320178,0.0562012845853293,0.0779062333619007,0.12833963016189,0,0.0780381483833892,0.092521870724158
"77",0,0,0,0,0.0515549973036846,0,0,0,0,0,0,0,0,0.059130422166693,0,0.0419681022386328
"78",0,0.0367853430208059,0.0268762319028433,0,0.0837682890506016,0,0.0936976120160344,0.0343227962605082,0.0375100583152477,0.0536718864089205,0.0422353271169353,0,0.0947463288307995,0,0.0796696680029235,0.0410778219764015
"79",0.0543648871014555,0.0627882653613838,0.0234879412035881,0.0912707485945263,0.127741309870641,0.0672208319500666,0.0637887330156543,0.0455417568170805,0.0750679455685114,0.0270793412986352,0.0822839548937498,0.110047367749141,0.100274988915091,0.059130422166693,0.0513613599158951,0.139071209594866
"80",0.0678644665623313,0,0.0243220124397293,0,0.0817155745202135,0.112406954378306,0,0,0.0811771983956913,0.0472413081609476,0.0820612616991989,0,0.0628633807171574,0,0.0371057380402005,0.0668842557014568
"81",0,0,0.0690693371134139,0,0.041788968947445,0.104094474418307,0,0,0,0,0.0626615568168242,0,0,0.126376088115045,0,0
"82",0.0245357435606742,0.0680206208081658,0.133444078449185,0.0843700514338369,0.0183583196088193,0.0913761796557886,0,0.0614033001051084,0.0369432965327782,0.07396871457248,0.0359721268853253,0.07108105466942,0.126307957839763,0,0.033875945005354,0.0891790076019424
"83",0.0340996837234555,0,0,0.0370766172972676,0,0.0841597016589393,0,0.0763834446706961,0.0777594239941943,0.0432617572777762,0.0739925938830155,0,0.0339963234038955,0,0,0.0839362044772656
"84",0.0636527429504504,0,0.066796142367505,0.0421850257169184,0.0881478606652936,0.105229549197924,0,0,0.0543515049263883,0,0.0498575815788723,0.0612178913942221,0.0282475740378532,0,0.0945740100486384,0.0387023015515946
"85",0.0870561960612069,0.0735706860416119,0.102587048718238,0.115418967448682,0.0941006484108416,0.175537312056083,0.0585654800598505,0.141467770743977,0.128216682281975,0.117616917054744,0.103077554922553,0.131152953531064,0.140217142229827,0.0268364534847584,0.09047190054107,0.0885246390244483
"86",0.0795659286880629,0,0,0,0,0.0481921333494046,0.0282021078582815,0,0.0205666744333701,0,0.0527133874677904,0.0552852647428822,0.0679926468077911,0,0.0568781977870986,0
"87",0.0315272533264084,0,0.0929661863345282,0.13983559804578,0.0216849120730565,0.082347801339367,0.0577528005648745,0.102742960243201,0.0331450478135313,0,0.0373204414918732,0.0657188035949323,0.0637479747107648,0,0.0574178357014443,0.0211743734050508
"88",0.0122663244130332,0.0443747417329758,0.0956344667724192,0.0587670883942762,0.0790500109547043,0.135808608865749,0.0475013530988328,0.090986053414334,0.0786469049422861,0.0341276043168091,0.0623219769735903,0,0.101069519669834,0,0.0572301355573241,0.0569848740684903
"89",0.0844806709899496,0.0680206208081658,0.0445307615783366,0,0.0324068753018839,0.105766166624849,0,0,0,0.117758666041684,0,0.0328594017974662,0.0679926468077911,0,0.0371057380402005,0
"90",0.0587360653121513,0.0858324670485472,0.0983209398054575,0.0523360596264762,0.0266221499192127,0.0929931416764539,0.0423031617874223,0.0738695296346399,0.0712924745813271,0.0319862137477494,0.105442717003961,0,0.0634598036872717,0.126376088115045,0.0574178357014443,0.0427175902902112
"91",0,0,0,0,0.0739652128959547,0.0810056715929144,0.0423031617874223,0.0559498619318963,0.0587906864156421,0.0301335304510099,0,0.0692064144337302,0.0410103032086809,0,0.0416625268321282,0.0572953731178238
"92",0.0699082454350571,0,0.0213784204789574,0,0.0532442998384253,0.0820618697812927,0.0376763043173329,0.0257027135589447,0.0587906864156421,0.12053412180404,0.0257693887306382,0.0406827189993003,0.0717395200184493,0,0.0744874036122368,0.0184698934902341
"93",0,0,0,0.0901596560922186,0,0.0577406900728188,0,0,0,0,0,0,0,0,0.0717722946268054,0
"94",0.0530439524587086,0,0.0641352614368722,0,0.0485154905277241,0.0910336676752372,0,0.0355760692859587,0.0135878762315971,0.0682552086336183,0.0487656781658931,0,0,0,0.104885127926509,0
"95",0.075108955023714,0,0.11620773291816,0.0772797052219016,0.0351134429984164,0.0507662348886637,0.0423031617874223,0.0333437924889716,0,0,0.038259716710493,0,0.0634598036872717,0,0.0489781099866511,0.0805708951858851
"96",0.0283334562153069,0,0,0,0.0408577872601067,0,0.0397785034379934,0.0763834446706961,0.0457726429516365,0.0865235145555524,0,0,0.135985293615582,0,0,0
"97",0,0.0264681558477067,0,0.0601064373948124,0,0,0.0822792650320015,0.0763834446706961,0.0556510109135823,0,0,0,0,0,0,0
"98",0.0630545066528167,0.0858324670485472,0.0740314912150575,0,0,0.0698120716295454,0.0727679726198522,0.049830413037487,0.060191791888644,0,0,0,0.0371154567154732,0,0,0
"99",0.0630545066528167,0,0,0.0332782105109026,0.0496754615441259,0.0698120716295454,0.0329824606891667,0,0.0556510109135823,0,0,0.038801340023297,0.103409552964543,0,0,0.0309851619788685
"100",0.0372283002550863,0.0858324670485472,0,0,0.0894123529545499,0.0349060358147727,0.102883652409763,0.0257027135589447,0.0712924745813271,0,0.0162581095993765,0.0211852936223642,0.108246317993374,0,0,0.0120457895311462
"101",0,0,0,0,0.041788968947445,0.097159802093756,0.0723549415198275,0,0.0649646950781561,0.0792521941848,0,0.0829278971143233,0.0528831697393931,0,0,0.0309851619788685
"102",0.0805962490264988,0.0793944521240597,0.0526211557945064,0.0511514961955638,0.107342474301523,0.0369596346692848,0.162238176300792,0.157842648731119,0.100953065535598,0.0682552086336183,0.0918376050508207,0.0763467027099461,0.0980456698240413,0,0.0420403998791902,0.114631545353684
"103",0.0411349883987393,0,0,0,0,0,0.0496059861623169,0.0876989051409833,0.0259198079980648,0.0478015883491019,0,0.048138153539919,0.018043993977109,0,0.0833250536642564,0.0839362044772656
"104",0.176208195936454,0.0858324670485472,0,0,0.0472825254524494,0,0.118910476777131,0,0.0998988172094564,0,0.0210853549871162,0.077602680046594,0.0583726372019504,0.126376088115045,0.0496582690748245,0.0317558889217281
"105",0.0372283002550863,0,0.0581038664590802,0,0,0,0.0475013530988328,0,0.046815838135612,0.0792521941848,0,0,0,0,0,0
"106",0,0,0,0,0.0970309810554482,0,0.092013019343742,0.0901957992749252,0.0411333488667402,0,0.0408623995024895,0.0428731008608376,0.0679926468077911,0,0.0416625268321282,0.0514911948962499
"107",0,0.0572216446990315,0.0505923749823456,0,0.0193296950591613,0,0.0753226740270162,0.0642567838973618,0.060191791888644,0,0.0527133874677904,0.068205360087666,0.0314316903585787,0,0,0.0338280238302723
"108",0,0.136041241616332,0.0603019058380863,0.0421850257169184,0.0538589237808896,0.0591212290764023,0.0695348420863939,0.0355760692859587,0.0391937909437614,0,0.0291850138009894,0.108106691424913,0.0826236730420406,0,0.0416625268321282,0.0635117778434562
"109",0,0,0,0,0,0,0.0577528005648745,0,0,0,0,0.0657188035949323,0,0.146718094758142,0,0
"110",0,0.0572216446990315,0,0.0901596560922186,0,0,0.0666378468056245,0,0.0518396159961296,0.0924608932156,0,0,0.0339963234038955,0,0.0600871077648664,0
"111",0.106087904917417,0,0.0321694777353336,0,0.0543908056271225,0,0.11501603838857,0.0763834446706961,0.0419965165353155,0,0,0.03554052733471,0.0583726372019504,0,0,0.0546751783734092
"112",0.0475834955699768,0,0.0179206663509622,0,0.0204288936300534,0,0,0.136745104002499,0.0279976776902103,0.0616405954770667,0.0408786389670668,0.0540533457124566,0.0721759759084358,0,0.100745152293965,0.0338280238302723
"113",0,0.0367853430208059,0.0505923749823456,0,0,0,0,0.0355760692859587,0,0,0.0626615568168242,0,0.0628633807171574,0,0,0
"114",0.0315272533264084,0.0572216446990315,0.100372412033497,0.0623802330021772,0.0669648018524041,0.0365985413281931,0,0.141506537020018,0.0154222516128779,0,0,0.0657188035949323,0.0940908567906283,0,0.0295151292247938,0.0328915612129036
"115",0,0.0858324670485472,0,0.0913271574198583,0.0124957079718154,0,0.0423031617874223,0.0903542351313046,0,0,0.0677743553157305,0,0.061395458782297,0,0,0.0682488188555401
"116",0.0636527429504504,0.0443747417329758,0.0594759630484141,0.0556050620629312,0.099587143371064,0.0596821479872259,0.0426868453001717,0.177541677021351,0.0487350968429511,0,0.0119286124898902,0.0203413594996502,0.0588684439572831,0,0.028615067778662,0.0797089112860172
"117",0.0293680326560756,0,0.0716826654038488,0.0523360596264762,0,0.065605933127244,0.0376763043173329,0.1723261348859,0.105626412005134,0,0.027353753899733,0.038801340023297,0.050534759834917,0,0,0
"118",0,0,0,0.0714498369920411,0.0591721703167638,0,0.109941535630556,0.0911634026683328,0.0866195934375415,0,0.0313307784084121,0,0.0314316903585787,0,0.0478481964178703,0
"119",0.0269256073938148,0.0340103104040829,0.0763757390903859,0.0724552569348814,0.0877049575501239,0.0624361888254235,0.0645879502582851,0.174076865109269,0.117000785260965,0.0792521941848,0.0854642296095004,0.0701582962868731,0.125686340462672,0,0.0953330752940682,0.101979718258631
"120",0.111019778043661,0.0680206208081658,0.0553280382055433,0.0386398526109508,0.0408380629455762,0.0436982922881029,0.0426868453001717,0.133617391559621,0.0735414150240519,0,0,0.0918268370913331,0.0639715762976529,0,0.0630605998187853,0.0244663356189107
"121",0,0,0,0,0.041788968947445,0,0.0423031617874223,0.134487977524635,0.0363051558061165,0.0341276043168091,0,0,0.0292790145506645,0,0.124987580496385,0
"122",0.0372283002550863,0,0.066796142367505,0.0386398526109508,0.0690472759641856,0.0550721678227753,0.0753526086346659,0.147418835688508,0.115582868820517,0.0536718864089205,0.0697461116961132,0.0612178913942221,0.0389150914679669,0,0.0442648416165259,0.0705706098316519
"123",0.0293680326560756,0,0.0268762319028433,0.0466118660152602,0.039933224878819,0,0,0.117059338118026,0.0278255054567912,0,0,0.133287156427082,0.0460465940867227,0,0,0
"124",0.101632117794385,0,0.0946361928998308,0.0442304710659274,0.074478309001557,0.0397880986581506,0.0406740354684912,0.155082567201905,0.0917907990861533,0.0708619622414214,0.0315246397598874,0.0406827189993003,0.125057745112335,0.13067097950609,0.0404833613191153,0.0436510451835776
"125",0,0.0858324670485472,0.0690693371134139,0,0,0,0,0,0,0,0,0,0,0,0,0
"126",0.0530439524587086,0,0.0491604699027287,0.0386398526109508,0.039933224878819,0.0230052282162401,0,0.125589247668729,0.0728802858147038,0.0478015883491019,0,0.131437607189865,0.061395458782297,0,0.0686074144410833,0.0576498921891699
"127",0.0340996837234555,0,0.0179206663509622,0.105621480121147,0.0671297601969185,0,0,0.111145974963239,0.103350988538028,0,0.0253962545558083,0.0635558808670927,0.0620647426007481,0,0.050813917508031,0.0748424476194226
"128",0.112282708883325,0,0.0828236720139669,0.0278025310314656,0.0348744488208618,0.0823211693110197,0.125129991706759,0.0413079325054469,0.10760564713562,0.0630962103263498,0.058185230906291,0.0758293887633835,0.0251272911338241,0,0.0284390988935493,0.0594632181520677
"129",0,0.119383976786529,0.0407795438736191,0,0.0363866178957931,0.0349060358147727,0,0.0559498619318963,0.10180641363692,0,0.0527133874677904,0,0.137209282117665,0.10015068032509,0,0.0419681022386328
"130",0.0451412136534893,0,0.143369208649789,0.0932237320305203,0.0414061511548608,0.09003724355461,0.0268987297340672,0.0362442167029402,0.0801277018284055,0.071562515211894,0.0305991738345365,0.0231421586678243,0.0703033769291672,0.126376088115045,0.0304822514286598,0.0418485294254675
"131",0.037554477511857,0,0.0373524855808372,0.0501610575117547,0.0768780292934327,0.0275360839113876,0.0756327790397852,0.0181221083514701,0.11306970602002,0.0396260970924,0,0,0.0580277360466068,0,0.0284390988935493,0.0891948272281015
"132",0.105775684453901,0.0680206208081658,0.0442411007425687,0.0230327652535533,0.101220101501371,0.0814420769580623,0.0246616668094037,0.0489260185774159,0.0943065506238927,0.0616405954770667,0.0600995463154418,0,0.093694394760653,0,0.0539778150921537,0.0555248549618024
"133",0.0850003686459208,0.0443747417329758,0.103164527668645,0.0357249184960206,0.0573178402432222,0.0994635416332415,0.0475013530988328,0.0771081406768341,0.108528834788976,0,0.0335816781141919,0.0573766778688782,0.0778301829359339,0,0.0971527717322801,0
"134",0.0340996837234555,0,0,0,0.0966362848610414,0,0.10128233604045,0.0355760692859587,0.123804681216908,0,0,0.038801340023297,0.0211532678957572,0.10015068032509,0.0307595548400595,0.017734129632666
"135",0,0.0572216446990315,0.0791015626965633,0.0480851499158499,0.039933224878819,0.0655357346082882,0.0806961892022016,0.0929227704044452,0.0870511196824073,0,0,0.0328594017974662,0.065498401101116,0,0,0.0341244094277701
"136",0.114725855916522,0.0793902569582057,0.0944062905530383,0.151338516697874,0.106516219186034,0.0713043541625668,0.0972777266926454,0.101203904037957,0.175133068058498,0.0664470150003585,0.114108086265526,0.0804658701508107,0.132417336800855,0.0805093604542752,0.0853679088318714,0.0762788935390056
"137",0.0542965614620121,0,0.0729660373191879,0.0601064373948124,0,0.0486268778401581,0,0.049830413037487,0.124783777354848,0.196796916832709,0.0458987607518047,0,0.0696963449773682,0,0.0922786645201784,0.0533713600530128
"138",0,0,0.0806185258755115,0.0357249184960206,0.0566895023337154,0.0317440121436055,0,0.113732566767917,0.0847477601005975,0,0.104473111604331,0.0573766778688782,0.074881290578025,0.126376088115045,0.0663972624247888,0.0323242702254024
"139",0.0291020799936077,0,0.0321694777353336,0,0.0499828318872617,0.0690156846487204,0.0866292008473118,0.0413079325054469,0.0940152092569999,0,0.0291850138009894,0.0957645096866545,0.0565564825366817,0,0.0416625268321282,0.0264440183620725
"140",0.0535785668906885,0.0680206208081658,0.0257479398760512,0.0824421196062013,0.0471878515366385,0.0365985413281931,0.0674182376387154,0.106357303113055,0.113913671231388,0.0258024710118279,0.0243828390829466,0.105859360434716,0.177159737956313,0,0.0539778150921537,0.0727296080071554
"141",0,0,0,0,0,0,0.0577528005648745,0,0.0391937909437614,0,0,0,0.0410103032086809,0.126376088115045,0,0.0572953731178238
"142",0,0,0.0505923749823456,0.0665564210218052,0,0.0577406900728188,0.0237506765494164,0.0396367558713658,0.0822718544677214,0,0.0201997511729086,0,0.0632523522194058,0,0.0944173912612063,0.0677852184749321
"143",0.0158611651899923,0.0858324670485472,0.090728832536242,0.0792019656571186,0.0530331294937381,0.0280532338863131,0.0160047087561975,0.0636681443403273,0.0781868784010063,0.0341276043168091,0.0469790891957863,0.0880503062996938,0.0900087702076113,0,0.0898449738805308,0.0909978799651842
"144",0.119561635507236,0.0443747417329758,0.0641352614368722,0,0.0147930425791909,0.0883610514995536,0,0,0.112530174945743,0.104868678937357,0.0527133874677904,0.053501869106015,0.0474392641645544,0,0.0717722946268054,0.0373778915039348
"145",0,0.160728966200787,0.111326903945842,0,0,0,0,0,0.070223757203418,0.0894782837570323,0,0,0.0679926468077911,0,0,0.0572953731178238
"146",0.0723954152826828,0.0264681558477067,0.110875380604057,0.0714498369920411,0.0268643371805004,0.0655474384321543,0.0728759204569156,0,0.0278255054567912,0.138467148973102,0.0313307784084121,0.116404020069891,0.0957362627387601,0,0.0717722946268054,0.0338280238302723
"147",0,0,0,0.0884609421318548,0.0231366583338155,0,0,0,0.0556510109135823,0.0907188212412749,0,0.0573766778688782,0.0733841181468177,0,0,0
"148",0.0293680326560756,0,0.0284045703276426,0,0.0227074442320351,0.0771380572547348,0.0577528005648745,0,0.0728802858147038,0.0763449026706334,0.105426774935581,0.105660367559633,0.0374406452890125,0,0,0.0533713600530128
"149",0.0951669911399536,0.0498242041733789,0.0411368354948297,0,0.0462733166676311,0.098174770751175,0,0.099660826074974,0.0556510109135823,0.0897254863632709,0.121914195414733,0.0918268370913331,0,0,0.0568781977870986,0.0286476865589119
"150",0,0,0,0,0.041788968947445,0.063945158557742,0,0,0,0.108317365194541,0.0626615568168242,0,0.0371154567154732,0,0,0
"151",0,0,0.0643389554706673,0,0,0.0295606145382012,0,0.149491239112461,0,0.0236206540804738,0,0.0552852647428822,0,0,0,0.0419681022386328
"152",0.121958541353262,0,0.0396506420322761,0.0587670883942762,0.0745131923161889,0,0.0423031617874223,0,0.0779114152790153,0.145752870627313,0,0,0,0,0,0
"153",0.105051008420432,0.0947127982565012,0.149255227809445,0.0921310610142133,0.0870042929797133,0.0768579479167426,0,0.100031377466915,0.0462667548386337,0.191004997223765,0.0677743553157305,0.1465189073742,0.0841227241092928,0.116911773971053,0.0852862923577487,0.0614116493498509
"154",0,0,0.11361828131057,0,0,0.0381169628412171,0,0,0.070223757203418,0.0680391159309562,0.0917975215036094,0.0428731008608376,0.0339963234038955,0,0,0
"155",0.043430169362134,0,0,0.111210124125862,0.0550749588264579,0.0436982922881029,0,0,0.030095895944322,0.10117551104617,0,0.140742883431253,0.0847427221135597,0.126376088115045,0.0833250536642564,0.0481991408560177
"156",0.0269256073938148,0.0340103104040829,0.10862674216047,0,0.0427757965935012,0.0385690286273674,0,0.0559498619318963,0.0228863214758182,0.129968254107307,0,0.057551735449611,0.0993089484355227,0,0.0400580718432443,0.0533713600530128
"157",0.0795659286880629,0,0,0,0,0,0,0,0,0.0301335304510099,0,0,0,0,0,0
"158",0.0372283002550863,0,0,0,0.0496754615441259,0.0690156846487204,0,0.099660826074974,0.0363051558061165,0.106497139691217,0,0,0.0517047764822716,0,0.0291179855257329,0
"159",0.0315272533264084,0,0.0345346685567069,0.0901596560922186,0.0374871239154462,0.0497351233226883,0,0.0559498619318963,0.030095895944322,0.154814826070968,0.0313307784084121,0.07108105466942,0.0442733053973151,0,0.0335817174313218,0.0627727941382013
"160",0.0564265170668616,0,0.101184749964691,0.0601064373948124,0.0133110749596063,0,0,0,0.0516754942690142,0,0.0935936289843762,0.0231421586678243,0.0314316903585787,0,0,0.069946837064388
"161",0,0.0401603664735143,0,0,0,0,0,0.0963851758460427,0,0,0.0626615568168242,0,0,0,0,0
"162",0.0315272533264084,0,0.0962820918819577,0.0601064373948124,0.0343907041459333,0.0517740608339883,0.0340980956657001,0.0709268743286165,0.0594103954844393,0,0.0783548337032481,0.0657188035949323,0.112321935867038,0,0.126121199637571,0.0386183961721874
"163",0,0,0,0.13819659152132,0.0471423670609765,0,0,0.0559498619318963,0.030095895944322,0.0732735242649546,0.0690838384527639,0,0.101988970211687,0,0,0.0250112447802691
"164",0.101632117794385,0,0.0521225312990463,0.0410172158621413,0.100380928576151,0.0115011632640536,0.0299689764810491,0.0116386961569873,0.0445792791227731,0.0301335304510099,0.122704660057654,0.0825206700807068,0.121078916468275,0,0.0311578684835437,0.0890078657713133
"165",0.0490714871213483,0,0.0925393640188219,0.0311901165010886,0.0906853623910227,0.0982825382556143,0,0.0614033001051084,0.0792848871651493,0,0.0630012005986798,0.03554052733471,0.0292790145506645,0,0.110012470244377,0.0683818488821884
"166",0,0,0,0,0,0.0258082887269,0.0585654800598505,0.049830413037487,0.0259198079980648,0,0.0858564947363455,0.038801340023297,0,0,0,0.0445838796518511
"167",0.0340996837234555,0.0680206208081658,0.0337282499882304,0.0843700514338369,0.0740728578328774,0.0280532338863131,0.0288764002824373,0.128812438433347,0.0385276229401724,0,0.0801056596122278,0,0.0632523522194058,0,0.0183354117073962,0.0506682041408072
"168",0.0222039556087322,0.0858324670485472,0.043178694124618,0.0386398526109508,0.049044367311096,0.0920372366218567,0.0537974594681344,0.148592727443673,0.0628165033444557,0,0.0822905301545779,0.0860650168033172,0.0778301829359339,0,0.0176050050456,0.0512727562343185
"169",0.0461865913041544,0,0.122338631620857,0,0.0879873507467416,0.0295606145382012,0,0,0.046815838135612,0.0258024710118279,0.11196132447562,0.128619302582513,0.0628633807171574,0,0.0478481964178703,0
"170",0.152005592767469,0.0633620630537917,0.106716088977188,0.0544063991538136,0.104283976525284,0.106414107628562,0.0782474246509305,0.114821153266592,0.0713145482900858,0.0203058796098283,0.144550132543271,0.105617393496877,0.0813242878609829,0.220077142137213,0.0767576631219738,0.103541424512992
"171",0,0.0858324670485472,0,0,0.100324122852618,0.0258082887269,0,0.0711521385719173,0.0328571684050656,0.0432617572777762,0.136040063364305,0.0936840249914801,0.0474392641645544,0,0.0478481964178703,0.0666193517049941
"172",0,0.0498242041733789,0.0268762319028433,0.0623802330021772,0.0428296247471863,0.063945158557742,0,0.0607756017788885,0.0516754942690142,0.0396260970924,0.0956242775685297,0.0511449473706267,0.115000522629215,0,0.0496582690748245,0.033309675852497
"173",0.0795659286880629,0,0,0,0,0,0,0,0.070223757203418,0,0.0626615568168242,0,0,0.13067097950609,0,0
"174",0,0,0.0643389554706673,0.0601064373948124,0.0532442998384253,0.0655357346082882,0.0423031617874223,0.0537951910098539,0.0689006590253523,0.0616405954770667,0.0791624269566506,0,0,0,0.116202762729114,0.0419681022386328
"175",0.0932109939134095,0,0.0491604699027287,0.154806648730746,0.0954965051536124,0.0110197224649621,0.0599379529620983,0.0676468494561939,0.0166892361974824,0.0536718864089205,0.109951139907034,0.0545333590785329,0.0486839107480362,0.0842507254100302,0.0393772138526067,0.109063185397873
"176",0.114181936907609,0,0.0568091406552851,0.0539189533383571,0.0748697820668897,0.0316843402145745,0.0753526086346659,0.100031377466915,0.0433043339812576,0.0916138832047601,0.0939923352252364,0.135960182173468,0.0922365257380062,0,0,0.0271868587271883
"177",0,0.0316810315268959,0,0,0.041788968947445,0,0,0,0,0,0,0.108106691424913,0,0,0,0
"178",0.0813056942355079,0.0498242041733789,0.0719644902076967,0.0523360596264762,0.0636374168467431,0,0,0.0413079325054469,0.0187263352542448,0.0301335304510099,0,0.0834221432563071,0.0594054408021164,0,0,0.035468259265332
"179",0,0,0.0450588947830896,0.0975586152261102,0.0326266098673925,0,0.0485839469712771,0.0559498619318963,0.0617000233001104,0.0366367621324773,0,0.0791259745914329,0.0614910171586708,0,0,0.0423487468101015
"180",0.0444667431474721,0,0.0358413327019244,0.0297779090371879,0.113965092073646,0.0153395394369761,0.0406740354684912,0.0906105417573505,0.0479135623576178,0.0258024710118279,0.0759304356173106,0.164921171416112,0.0767107744480448,0,0.0630605998187853,0.0895764266770818
"181",0.0563317162677855,0.0858324670485472,0.0345346685567069,0,0.0917915980440965,0.0558691345260089,0.0971678939425542,0.0413079325054469,0,0,0.0926301116463791,0.0916114755192973,0.0942950710757361,0,0,0.0309851619788685
"182",0.0315272533264084,0,0,0,0.0461268175760596,0,0.0674097340629952,0,0.0433097967187708,0,0,0.048138153539919,0.103409552964543,0,0,0.0419681022386328
"183",0,0,0,0.0421850257169184,0.0137662812290868,0.0433055175546141,0.0846063235748445,0.0881347438508032,0,0.0732735242649546,0,0.0679023450407698,0.0607944350354916,0,0,0.017062204713885
"184",0.0403884110907221,0.0572216446990315,0,0.0623802330021772,0.0634951581044174,0.0436982922881029,0.106717113250429,0.0413079325054469,0.0799228611482213,0.0541586825972704,0.027353753899733,0.0898087649355173,0.0511772610381223,0,0,0.0657831224258072
"185",0.0897587643398767,0,0,0.124760466004354,0.0461268175760596,0.0385690286273674,0,0,0,0.182823392693386,0.105426774935581,0.079271098069714,0.0772327010039763,0,0,0.061970323957737
"186",0.0630545066528167,0,0.0505923749823456,0.0881506325914144,0.0512574438979617,0.0591212290764023,0.0423031617874223,0.0413079325054469,0.093631676271224,0,0.0977990764433637,0.130468544907907,0.0244613727156059,0,0.0956963928357406,0.0497240376312492
"187",0.120029082523941,0.0443747417329758,0.0969796751707257,0.112144185775038,0.116397109951414,0.0583701325478554,0.0726376875001078,0.0801734712569987,0.0991203035371382,0.0668573894773851,0.105671955021183,0.186166471277843,0.116845261231476,0,0.0420403998791902,0.0877930943955089
"188",0.0606118251412816,0,0.0514958797521024,0.130876920133866,0.0788130532903545,0.0275360839113876,0.0624650746773563,0.0192140181251965,0.0479135623576178,0.0763449026706334,0.0783457409102763,0.123824934583352,0.136058103383,0,0.0400580718432443,0.0651448338953235
"189",0,0,0,0,0,0,0,0,0,0.0732735242649546,0,0.0985782053923985,0,0.126376088115045,0,0
"190",0.0530439524587086,0,0,0.120212874789625,0.0579890851774839,0.0497351233226883,0,0,0.0657143368101312,0.0732735242649546,0,0.119359380153416,0.0423065357915145,0,0.0420403998791902,0
"191",0.0598391762265844,0,0.0901177895661792,0.0311901165010886,0.0675167073702129,0,0.0577528005648745,0,0.0165725239067656,0,0.0659869235730011,0.0787033120039359,0.0905964765016377,0,0,0.0888529049248651
"192",0.125785828906154,0,0.0427568409579148,0.0595558180743758,0.0424249445644954,0.0208188948836615,0,0.0204677667017028,0.0717010235944419,0.133080366036908,0,0.157747021965857,0.140229830519581,0,0,0.0164457806064518
"193",0,0.0607683497203773,0.0901177895661792,0,0.0867396482922261,0,0,0.0413079325054469,0.10891546741835,0,0,0,0.0767658915571835,0,0.0956963928357406,0.0572953731178238
"194",0.0675845367919597,0,0.0970839968146091,0.042554631524083,0.0648832958628779,0.0795761973163012,0.0475013530988328,0.0711521385719173,0.031782134577314,0.0950574043120769,0.0231575279115948,0.0758293887633835,0.137475129047209,0,0.0539778150921537,0.0201119878442882
"195",0.0723954152826828,0.0367853430208059,0.0301509529190432,0.152132263429852,0.0685840063787939,0.0774248661806999,0.0712520296482492,0.0594551338070487,0.0749053410169792,0.0301335304510099,0.0677743553157305,0.0700959262963051,0.129647977622106,0,0.0568781977870986,0.0402239756885763
"196",0.0752553567703798,0.0239527184507034,0.0972374319266928,0.0401382869373284,0.122664739968301,0.0316843402145745,0.0804157516303093,0.0599472484503248,0.0609335720990691,0.0546303866846878,0.0387262802984955,0.0887806420199905,0.156354408356164,0,0.0734156983280981,0.0758162026063835
"197",0.0222039556087322,0,0.0445307615783366,0.0721277248737749,0.0530311807056193,0.0941625979052718,0.0376763043173329,0.107590382019708,0.0411333488667402,0,0,0.0657188035949323,0.0831998693576515,0,0.0284390988935493,0.0369397869804681
"198",0,0,0.0697246397508962,0,0.0370364289164387,0,0.103525814084025,0.0514054271178894,0.0822666977334805,0,0.0243828390829466,0.0328594017974662,0.0827201893007152,0,0.0615191096801189,0
"199",0.0813056942355079,0,0.0240315842898565,0.0160529432031833,0.0453256713559354,0.0486268778401581,0.0252109263465951,0.195780076498579,0.0577566393630484,0.0792521941848,0.0477144499595606,0.054636847099447,0.12623288107332,0,0.0326520733244341,0.0643176999704783
"200",0.0822372941933669,0.0443747417329758,0.0772438196281536,0.0494652717637208,0.0671935485383241,0.0486268778401581,0.0449454917591436,0.089155636466204,0.12383925986148,0,0.0463150558231895,0.0295306543976614,0.165900261372928,0,0.114282256635519,0.0366995034283661
"201",0.0444079112174644,0,0.045364416268121,0.0935703495032657,0.0412988436872603,0.031972579278871,0,0.0711521385719173,0.0561790057627344,0.139208376816373,0.0408786389670668,0.112253274058997,0.103327243540744,0,0.0248291345374123,0.0807037586257653
"202",0,0,0.0445307615783366,0.0765830135434485,0.0477942114961577,0.031972579278871,0.0846063235748445,0.0576420543755896,0.0358796247677446,0,0.056190481838603,0.0428560690755252,0.120186368301429,0,0.0366708234147923,0.0611114632570087
"203",0.0760027963837345,0,0.0412170190703681,0.106787068278463,0.0660010409586339,0.0295606145382012,0.0224727458795718,0.0792735117427316,0.0670789873006649,0.164626788925132,0.0775803078750547,0.119295933190565,0.156295585670554,0,0.0248291345374123,0.0565674728944542
"204",0.093145921246411,0.0919703811794519,0.0829918043528654,0.133260473751085,0.101089850290206,0.0687423388442359,0.086572326406749,0.164242676239486,0.0956148360355831,0.0875555512178871,0.0922088205183931,0.117832134229069,0.196952686447474,0,0.0819291420205998,0.0884621357201989
"205",0,0,0,0,0,0,0,0,0,0,0,0,0.0410103032086809,0,0,0
"206",0.0822699767974786,0,0.0756073604468683,0.0251602794635705,0.0596985270677786,0.0655474384321543,0,0.0273417522275971,0.0497175717202969,0,0.0359721268853253,0.0884564235886115,0.116711861039631,0,0.0957231857671464,0.0313863970691006
"207",0.0317223303799845,0,0.0788906052654877,0.0475990111434697,0.0769957195596652,0.0208188948836615,0.0331541566382653,0.0702755162132369,0.0350598689484995,0.0570243269383014,0.0296073593368988,0.0450227093098035,0.132452162426476,0.126376088115045,0.0519297808059061,0.10295089416873
"208",0.0822699767974786,0,0.0690693371134139,0,0,0,0,0,0,0,0,0,0.0793247546090896,0.10015068032509,0,0
"209",0,0,0,0,0.0626834534211676,0,0,0,0,0,0,0,0,0,0,0
"210",0.0795659286880629,0,0.0321694777353336,0,0,0.0746026849840324,0.0577528005648745,0,0,0,0,0.0552852647428822,0,0.146718094758142,0.0568781977870986,0
"211",0,0,0,0.0714498369920411,0,0,0,0,0,0,0,0,0,0.0733590473790711,0,0
"212",0,0,0,0,0.0124957079718154,0,0,0,0,0,0,0,0.0628633807171574,0,0,0
"213",0,0,0,0,0.0993509230882519,0.0950530206437234,0,0,0,0,0,0,0,0.059130422166693,0,0
"214",0,0,0,0,0.0626834534211676,0,0,0,0,0,0,0,0,0.0842507254100302,0,0
"215",0,0,0,0,0,0.0591212290764023,0,0,0.070223757203418,0,0,0,0,0,0,0
"216",0,0,0,0,0,0,0,0.152766889341392,0.0344503295126762,0,0,0,0,0.0842507254100302,0,0
"217",0,0,0.0815590877472382,0,0,0,0,0,0,0.0732735242649546,0,0,0.0793247546090896,0,0,0
"218",0,0,0,0,0.0363866178957931,0.0591212290764023,0,0,0,0,0,0,0,0,0,0
"219",0,0,0,0,0,0,0,0,0,0,0.0527133874677904,0,0,0,0,0.0481991408560177
"220",0,0,0,0,0.0363866178957931,0,0,0.0963851758460427,0,0,0,0.0829278971143233,0,0.0500753401625449,0.0568781977870986,0
"221",0.0795659286880629,0.0858324670485472,0,0,0.041788968947445,0.063945158557742,0.1022942869971,0.0763834446706961,0,0.0956031766982037,0,0.0657188035949323,0.11134637014642,0.195833333333333,0.0371057380402005,0
"222",0,0,0.138138674226828,0,0,0,0,0,0,0,0,0,0,0,0,0
"223",0.0630545066528167,0,0,0,0.0324068753018839,0,0,0,0,0,0,0,0,0.10015068032509,0,0
"224",0.0888158224349289,0,0.0407795438736191,0,0,0,0,0,0.0363051558061165,0.0366367621324773,0,0,0.0339963234038955,0,0.0944549121145808,0
"225",0,0.0457773157592252,0,0,0,0,0.0728759204569156,0,0.0985715052151968,0,0,0,0,0,0.0968716667791702,0.0929554859366055
"226",0,0,0.111973117582181,0,0.0570343954580016,0.0208188948836615,0.0577528005648745,0.111419252595573,0.0308445032257558,0,0.0661967478516144,0.131437607189865,0.0268439925786411,0,0.0815454081994401,0.0144124730472925
"227",0,0,0.0505923749823456,0.0556050620629312,0.0433698241461131,0,0,0,0.030095895944322,0.0616405954770667,0,0,0.0775571647234074,0,0.0399310995024581,0.0222947519004856
"228",0,0,0.0505923749823456,0.0332782105109026,0.0699550948397979,0.0655474384321543,0,0.090986053414334,0.0365513226322133,0,0.0297331320157635,0.0211852936223642,0.0563185261104218,0,0.108906703098991,0.0159609266481054
"229",0.0795659286880629,0,0.0396506420322761,0.0523360596264762,0.0501467627369341,0.133350538394601,0,0.142304277143835,0.0324782504859432,0,0.0243828390829466,0,0.0292790145506645,0,0.116985652843676,0.0709365185306639
"230",0,0,0,0,0,0,0.0950027061976656,0.0763834446706961,0.030095895944322,0,0,0,0.0460465940867227,0,0.0326520733244341,0
"231",0,0,0.0729660373191879,0.0421850257169184,0.0295860851583819,0.0497351233226883,0,0.174489474900833,0.0205666744333701,0.0478015883491019,0,0,0.0706189350946331,0,0.0708176266833037,0.0500224895605381
"232",0.0340996837234555,0,0.0464830931672641,0,0.0108755366224642,0.0446152843180307,0.0340980956657001,0.0738695296346399,0.0786406059134746,0,0.0463150558231895,0,0.0435208020349551,0,0.0956336179802658,0.0891677593037022
"233",0.0461865913041544,0.0858324670485472,0,0,0.0745131923161889,0.0385690286273674,0.0485839469712771,0.111899723863793,0,0.0990728087592033,0,0,0,0,0.097671762492212,0.0747557830078696
"234",0,0,0.0321694777353336,0,0.0573178402432222,0.0208188948836615,0,0.133375169955886,0.0195968954718807,0,0.0652881174252302,0.0552852647428822,0.074881290578025,0,0.0852773554298285,0.0657831224258072
"235",0,0,0,0,0.0295860851583819,0,0.0728759204569156,0,0,0,0,0.0462843173356487,0.0292790145506645,0,0.0541382958700652,0
"236",0.0372283002550863,0.0680206208081658,0.0294940671617124,0.0386398526109508,0.0345236379820928,0,0,0.117059338118026,0.0256850819601149,0.136510417267237,0.0421707099742323,0.114753355737756,0.102160603002821,0,0.132116786931408,0.0455878992547923
"237",0,0,0,0,0,0,0,0,0,0,0,0,0,0,0.0284390988935493,0
"238",0.0878263200632689,0.0652394970430716,0.070490392426694,0.109498473955809,0.0862503457641289,0.0804215730205259,0.089879645417327,0.0905572672733493,0.0945501903699466,0.110986921233813,0.0137424357992212,0.0767077445585729,0.0929409408017829,0.150226020487635,0.176673700364473,0.0626550112930881
"239",0.0466054969567047,0.0498242041733789,0.0510512404508207,0,0.0379125145810315,0.0136433605560928,0.0846063235748445,0.0657741788557375,0.071326846596437,0.0732735242649546,0.038259716710493,0.096276307079838,0.0772327010039763,0,0.0890118281414653,0.0695574310679405
"240",0.0876247388963076,0.0680206208081658,0.0643389554706673,0.0386398526109508,0.0788330546414594,0,0.0423031617874223,0.0450978996374626,0.0279976776902103,0.0301335304510099,0.0338871776578652,0.0182122823664823,0.061395458782297,0,0,0.0873640389653929
"241",0.0795659286880629,0.0794044675431201,0,0,0.0133110749596063,0,0,0.111899723863793,0,0,0,0,0.0202648116784972,0,0.0568781977870986,0.0543737174543766
"242",0.0518619764875926,0,0.105061889100568,0.0386398526109508,0.0487328642991392,0.0460186183109284,0,0.0709268743286165,0.0256850819601149,0,0.0807990046916342,0.0255724736853133,0.0521639336995419,0,0.0885296832330518,0.0694885683551945
"243",0.020326423558877,0,0.0568091406552851,0.114237626744327,0.0570728897863885,0,0.0288764002824373,0,0.0187263352542448,0,0.0520951342924042,0.0573766778688782,0.0772327010039763,0,0.0233909986207098,0.077167155729099
"244",0.0460246285298501,0.113101032137225,0.0605909574669877,0.0910681621138966,0.122434743859944,0.0431536578575076,0.0834089757212942,0.060722342422774,0.0731930123596492,0.0380229617248308,0.0768314144173862,0.0977469384884171,0.115344545493786,0.0932916172514067,0.0899570591567437,0.12515774297188
"245",0.0681993674469111,0,0.0464830931672641,0.0357249184960206,0.0646665965702924,0.0912609767902092,0,0.0297222944117258,0.0288783196815242,0,0.085329172720532,0.096276307079838,0.0583726372019504,0,0.0765571142685924,0.0401913418143972
"246",0,0,0.122338631620857,0,0.0678450558215623,0.0349060358147727,0.0883449662273059,0,0.0660165075032085,0,0,0,0.0775571647234074,0,0.0478481964178703,0.0603610837514171
"247",0.0315272533264084,0,0.0486440248794586,0.0921310610142133,0.0649130605998602,0.0349060358147727,0.0681961913314002,0.107343698694456,0.0616890064515117,0.0616405954770667,0.04009836755117,0.0511449473706267,0.071950320392235,0,0,0.0843771766174111
"248",0.0461865913041544,0,0.107523998105773,0.0615258237932119,0.0789867411644634,0.0144351725182047,0.125129991706759,0.0709268743286165,0.0835914846601544,0,0.0228839944798153,0.0462843173356487,0.0778942571968579,0,0.0293820762468407,0.100920027674952
"249",0,0,0.0581038664590802,0,0.0320270358275336,0.0295606145382012,0,0,0.030095895944322,0.0541586825972704,0,0.0428731008608376,0.0292790145506645,0,0.0416625268321282,0.07163640173781
"250",0.0444079112174644,0,0.0179206663509622,0.0370766172972676,0.0918069839504983,0.0316843402145745,0.0470167228754294,0.0732603944734252,0.0512009315186183,0,0.115838723661397,0.0823350581158901,0.0663881649616708,0,0.0262514759017378,0.096411576239203
"251",0.0470114153128449,0.0680206208081658,0,0.110576177664819,0.072201001024882,0,0.0340980956657001,0.100031377466915,0.0298245755478506,0,0.0353517044234298,0.122893289212403,0.122539045496144,0,0.0671634348626436,0.0725236067577905
"252",0.0390334065058035,0.0340103104040829,0.045364416268121,0.068007998942267,0.0752365106412532,0.0690156846487204,0.0141010539291408,0.140117295859144,0.071224361588407,0.0319862137477494,0.00939581783915725,0.02002740751323,0.139718854495524,0,0.0693331456684133,0.114734638223466
"253",0,0,0,0.142899673984082,0.0727732357915861,0,0,0,0.070223757203418,0,0,0.0829278971143233,0,0.126376088115045,0,0.0419681022386328
"254",0.116513742391762,0,0.0205684177474149,0.0935703495032657,0.0451982030436558,0.0208188948836615,0,0.0891668832351774,0.101937712069478,0,0.0127532389034977,0,0.075772422595362,0,0.0851070522218965,0.069406068702253
"255",0.0829528808721359,0.0415318388944583,0.0793548070246147,0.0861012593854931,0.126512575125532,0.0661358401226491,0.0666201068218475,0.106800398434322,0.109522053756276,0.0409727900135159,0.0894657371316033,0.08900851692233,0.125659292851328,0,0.0832341484977844,0.147081018042121
